"id","title","description","link","image_link","additional_image_link","price","sale_price","availability","condition","brand","google_product_category","product_type","gender","age_group","color","size","item_group_id"
"1090","Celeste Peacock Symphony Abaya","Inspired by the natural beauty and elegance of the peacock feathers, the Celeste Peacock Symphony Print Luxury Abaya is designed to capture attention while maintaining timeless modest sophistication. The artistic feather-inspired patterns flow seamlessly across the fabric, creating depth, movement, and visual intrigue. Rose accents blend with classic black and ivory tones, resulting in a refined yet bold design that feels both modern and elegant. Crafted with a fluid silhouette and luxurious drape, this abaya moves gracefully with every step, offering both comfort and effortless style. Perfect for Ramadan evenings, Eid celebrations, special occasions, or luxury everyday wear, the Celeste Peacock Abaya reflects a confident and sophisticated modest aesthetics.","https://www.elianabrie.com/product/celeste-peacock-symphony-abaya/","https://www.elianabrie.com/wp-content/uploads/2026/01/Artboard-1.png","https://www.elianabrie.com/wp-content/uploads/2026/02/DSC04714-1.jpg","800.00 AED","","in stock","new","Elianabrie","Apparel & Accessories > Clothing > Dresses","Women > Modest Fashion > Abayas","female","adult","","Made to Order (14-21 days)",""
"1117","Royal Indigo Mosaic Abaya Coat","The Royal Indigo Mosaic Abaya Coat by Elianabrie is a striking interpretation of modern modest fashion. Crafted with bold indigo, ivory and black mosaic-inspired patterns, this flowing silhouette creates a sophisticated statement while maintaining timeless elegance. Designed for women who appreciates refined craftsmanship, this abaya combines artistic prints design with effortless wearability. Whether styled for a refined daytime look or an evening gathering, it embodies the essence of luxury modest dressing. Perfect for women across the UAE, Saudi Arabia, Qatar, and the wider GCC, this piece celebrates individuality while remaining beautifully timeless. Key Features Premium printed fabric Flowing luxury Silhouette Statement geometric design Lightweight and comfortable Perfect for day or evening wear Styling Suggestions Pair the Royal Indigo Mosaic Abaya Coat with neutral inner wear and classic heels for a refined statement look that transitions effortlessly from day to evening. Product Details Fabric: Luxury Printed Cotton Fabric Fit: Relaxed flowing silhouette Style: Open abaya coat/dress Care: Dry clean recommended.","https://www.elianabrie.com/?post_type=product&p=1117","https://www.elianabrie.com/wp-content/uploads/2026/01/Artboard-2.png","https://www.elianabrie.com/wp-content/uploads/2026/02/DSC04790-copy.jpg","550.00 AED","","in stock","new","Elianabrie","Apparel & Accessories > Clothing > Outerwear > Coats & Jackets","Women > Modest Fashion > Abayas","female","adult","","Free Size(Fits XL - XXL)",""
"1125","Midnight Azure Signature Abaya","The Midnight Azure Signature Abaya embodies refined elegance and artistic craftsmanship. Designed with a fluid silhouette, this luxury abaya features deep midnight hues layered with rich Sapphire-inspired prints, creating a sophisticated statement piece for the modern woman. Tailored wit wide sleeves, structured piping details, and a flowing open-front design, the abaya moves effortlessly while maintaining a polished and elevated aesthetic. Perfect for both day and evening wear, this timeless piece reflects Elianabrie's signature balance of modesty, luxury, and contemporary design. Key Features: Luxury printed fabric with deep sapphire tones Elegant open kimono-style silhouette Refined contrast piping details Wide statement sleeves Designed for modern modest fashion Perfect for occasion wear or elevated daily styling","https://www.elianabrie.com/?post_type=product&p=1125","https://www.elianabrie.com/wp-content/uploads/2026/01/Artboard-3.png","https://www.elianabrie.com/wp-content/uploads/2026/02/DSC04667-1.jpg,https://www.elianabrie.com/wp-content/uploads/2026/02/DSC04672-copy.jpg","700.00 AED","","in stock","new","Elianabrie","Apparel & Accessories > Clothing > Dresses","Women > Modest Fashion > Abayas","female","adult","","",""
"1141","Radiant Eclipse Printed Abaya Dress","The Radiant Eclipse Printed Abaya by Elianabrie celebrates the harmony between bold African artistry and the refined Middle Eastern modest fashion. Crafted from premium lightweight cotton fabric, this abaya features an intricate pattern of vibrant geometric floral burst set against a deep midnight base. The result is a striking yet sophisticated silhouette designed for women who appreciate culture, craftsmanship, and modern elegance. The relaxed flowing cut offers effortless comfort while maintaining a polished, luxury aesthetic - perfect for daytime elegance, travel, gatherings, or statement modest styling. Designed for the Elianabrie woman, this piece reflects confidence, comfort, heritage, and contemporary luxury.","https://www.elianabrie.com/?post_type=product&p=1141","https://www.elianabrie.com/wp-content/uploads/2026/01/Artboard-5.png","https://www.elianabrie.com/wp-content/uploads/2026/01/Artboard-5.png,https://www.elianabrie.com/wp-content/uploads/2026/01/DSC05214.jpg","450.00 AED","","in stock","new","Elianabrie","Apparel & Accessories > Clothing > Dresses","Women > Modest Fashion > Abayas","female","adult","","Free Size(Fits XL - XXL)",""
"1149","Luxury Lavender Blazer Abaya","A refined expression of modern modest fashion, the Lavender Tailored Blazer Abaya blends classic tailoring with graceful movement. Designed with a structured lapel collar and a flowing A-line silhouette, this piece delivers effortless elegance with contemporary sophistication. The soft lavender tone adds a subtle statement, while the delicate button detailing along the back creates a distinctive design element that elevates the entire look. Perfect for formal occasions, professional settings, or elegant everyday wear, this abaya is a timeless wardrobe essential for the modern woman who appreciates understated luxury.","https://www.elianabrie.com/?post_type=product&p=1149","https://www.elianabrie.com/wp-content/uploads/2026/01/Artboard-6.png","https://www.elianabrie.com/wp-content/uploads/2026/01/Artboard-6.png,https://www.elianabrie.com/wp-content/uploads/2026/02/DSC05476-1.jpg","580.00 AED","","in stock","new","Elianabrie","Apparel & Accessories > Clothing > Outerwear > Coats & Jackets","Women > Modest Fashion > Blazer Abayas","female","adult","","",""
"1693","Zuri Royal Prints Kimono Abaya","The Zuri Royal Prints Kimono Abaya embodies the elegance of culture artistry and contemporary modest fashion. Designed with Elianabrie's signature African-inspired prints, this luxurious kimono silhouette drapes effortlessly to create a refined and powerful presence. The rich earthly tones blended with deep blue motifs creates a striking visual texture, celebrating heritage while remaining timelessly elegant. The tailored structure, statement buttons and fluid belt allows the bays to be worn open or styles for a more defined silhouette. Perfect for elegant daytime styling, travel wardrobes or sophisticated evening gatherings, this piece reflects the spirit of the Elianabrie Woman - confident, cultured and effortlessly refined. Designed for modern modest wardrobes across the UAE, Saudi Arabia and the GCC, this abaya blends heritage prints with luxury tailoring.","https://www.elianabrie.com/?post_type=product&p=1693","https://www.elianabrie.com/wp-content/uploads/2026/01/Artboard-7.png","https://www.elianabrie.com/wp-content/uploads/2026/02/DSC05361-copy.jpg,https://www.elianabrie.com/wp-content/uploads/2026/02/DSC05378-copy.jpg","850.00 AED","","in stock","new","Elianabrie","Apparel & Accessories > Clothing > Dresses","Women > Modest Fashion > Abayas","female","adult","","L - XL",""
"1699","Desert Command Belted Abaya","The Desert Command Belted Abaya blends modern tailoring with subtle military-inspired design. Crafted with a structured blazer silhouette, statement lapels, and a waist-defining belt, the abaya is elevated by refined digital camouflage accents. The result is a bold yet sophisticated piece that redefines contemporary modest fashion.","https://www.elianabrie.com/product/desert-command-military-belted-abaya/","https://www.elianabrie.com/wp-content/uploads/2026/01/Artboard-8.png","https://www.elianabrie.com/wp-content/uploads/2026/01/Artboard-8.png,https://www.elianabrie.com/wp-content/uploads/2026/02/DSC05575-1.jpg","680.00 AED","","in stock","new","Elianabrie","Apparel & Accessories > Clothing > Dresses","Women > Modest Fashion > Abayas","female","adult","","",""
"1706","Midnight Nebula Abaya","The Midnight Nebula Violet Signature Prints Abaya is a statement piece designed for women who appreciates refined modest fashion. Featuring an artistic abstract print in luxurious shades of violet, indigo, and plum, this elegant abaya blends contemporary designs with timeless sophistication. Its flowing silhouette creates effortless movements, while the striking prints elevates the piece into a modern luxury wardrobe essential. Perfect for evening occasions, Ramadan gatherings, and elegant everyday wear, this designer abaya offers a unique balance of bold style and graceful modesty. Crafted for the modern woman, the Midnight Nebula Abaya embodies the spirit of luxury modest fashion.","https://www.elianabrie.com/?post_type=product&p=1706","https://www.elianabrie.com/wp-content/uploads/2026/01/Artboard-9.png","https://www.elianabrie.com/wp-content/uploads/2026/02/DSC04501-1.jpg,https://www.elianabrie.com/wp-content/uploads/2026/02/DSC04498-1.jpg,https://www.elianabrie.com/wp-content/uploads/2026/02/DSC04478-1.jpg","700.00 AED","","in stock","new","Elianabrie","Apparel & Accessories > Clothing > Dresses","Women > Modest Fashion > Abayas","female","adult","","S - M",""
"1720","Azure Contrast Blazer Abaya","The Azure Contrast Blazer Abaya embodies contemporary modest luxury. Crafted with a structured blazer-inspired-silhouette, this design features refined tailoring, statement lapels, and elegant azure contrast panels that elevates the classic black abaya. The long flowing cut creates a sleek, elongating shape while the tailored structured adds sophistication and modernity. Designed for women who appreciate understated luxury, this abaya transitions effortlessly from daytime elegance to evening refinement. Perfect for professional settings, formal gatherings, or luxury everyday wear, the Azure Contrast Blazer Abaya is a statement of confidence modern modest fashion.","https://www.elianabrie.com/?post_type=product&p=1720","https://www.elianabrie.com/wp-content/uploads/2026/01/Artboard-11.png","https://www.elianabrie.com/wp-content/uploads/2026/01/Artboard-11.png,https://www.elianabrie.com/wp-content/uploads/2026/01/DSC05607.jpg","680.00 AED","","in stock","new","Elianabrie","Apparel & Accessories > Clothing > Outerwear > Coats & Jackets","Women > Modest Fashion > Blazer Abayas","female","adult","","",""
"1725","The Noor Luxe Tailored Blazer Abaya","Command attention with the Noor Luxe Tailored Blazer Abaya, a refined expression of modern modest elegance. Crafted with a structured blazer silhouette, this abaya blends contemporary tailoring with timeless sophistication. The crisp ivory tone is elevated by polished gold buttons and a classic lapel collar, creating a powerful yet graceful aesthetic. Designed for women who appreciate understated luxury, this piece transitions effortlessly from formal gatherings to elevated everyday wear. Its flowing length preserves modest elegance while the tailored structure offers a sleek, confident silhouette. Perfect for: business occasions elegant gatherings luxury travel wardrobes elevated daily wear A statement piece for the woman who leads with elegance.","https://www.elianabrie.com/?post_type=product&p=1725","https://www.elianabrie.com/wp-content/uploads/2026/01/Artboard-12.png","https://www.elianabrie.com/wp-content/uploads/2026/01/Artboard-12.png","780.00 AED","","in stock","new","Elianabrie","Apparel & Accessories > Clothing > Outerwear > Coats & Jackets","Women > Modest Fashion > Blazer Abayas","female","adult","White","",""
"1734","The Verona Tailored Blazer Abaya","Make a confident statement with the Verona Tailored Blazer Abaya, where classic tailoring meets modern modest fashion. The Verona Tailored Blazer Abaya embodies confident elegance and modern sophistication. Inspired by classic tailoring and refined modest fashion, this piece merges the structured power of a blazer with the graceful fluidity of a full-length abaya. Cut in a rich olive tone that exudes understated luxury, the design features a double-breasted blazer front, sharp lapel collar, and clean tailored lines that creates a polished silhouette. The flowing length softens the structured form, allowing the abaya to love effortlessly while maintaining its elegant shape. What sets this piece apart is the distinctive button-down back detailing, a subtle yet striking design element that elevates the garment from classic to contemporary. This thoughtful detail creates visual interest from every angle while preserving the minimalist sophistication that defines luxury modest fashion. Designed for women who appreciates timeless style with a modern edge, the Olive Tailored Blazer Abaya transitions seamlessly from professional settings to formal gatherings to refined everyday wear. Confident, Elegant, Effortlessly Powerful. Design Details: Tailored blazer-inspired silhouette Double-breasted front design Elegant lapel collar Statement button detailing along the back Flowing full-length abaya cut Structured yet comfortable fit Styling Inspiration: Pair the Olive Tailored Blazer Abaya with a neutral hijab and structured handbag for a polished executive look, or elevate it with heels and statement accessories for an effortlessly sophisticated evening ensemble.","https://www.elianabrie.com/?post_type=product&p=1734","https://www.elianabrie.com/wp-content/uploads/2026/01/Artboard-13.png","https://www.elianabrie.com/wp-content/uploads/2026/01/Artboard-13.png,https://www.elianabrie.com/wp-content/uploads/2026/02/DSC05425-copy.jpg","650.00 AED","","in stock","new","Elianabrie","Apparel & Accessories > Clothing > Outerwear > Coats & Jackets","Women > Modest Fashion > Blazer Abayas","female","adult","","",""
"1742","Midnight Canvas Abstract Prints Abaya","Midnight Canvas Abaya A wearable piece of art designed for the modern modest woman. The Midnight Canvas Abaya by E Elianabrie reimagines classic modest fashion through expressive abstract designs. Set against a deep black base, vibrant strokes of purple, yellow, white and crimson create a striking artistic composition reminiscent of a painted canvas. Tailored with ab structured yet fluid silhouette, this statement abaya balances bold contemporary style with timeless elegance. The refined Botton front and back and softly tailored sleeves enhance its sophisticated aesthetic, making it perfect for both elevated daytime wear and elegant evening occasions. Designed for women who appreciate individuality, this abaya captures the essence of luxury modest fashion inspired by art, culture and modern femininity. A signature piece for the Elianabrie woman. Key features: Luxury abstract printed fabric Elegant structured silhouette Front botton closure Lightweight and breathable fabric Perfect for both everyday luxury and occasion wear Designed for sophisticated modest styling Matching Trousers included.","https://www.elianabrie.com/product/elianabrie-midnight-canvas-abstract-prints-abaya/","https://www.elianabrie.com/wp-content/uploads/2026/01/Artboard-14.png","https://www.elianabrie.com/wp-content/uploads/2026/02/DSC04830-1.jpg,https://www.elianabrie.com/wp-content/uploads/2026/02/DSC04909-1.jpg","800.00 AED","","in stock","new","Elianabrie","Apparel & Accessories > Clothing > Dresses","Women > Modest Fashion > Abayas","female","adult","","S - M",""
"1750","Sahara Luxe Kimono Abaya Set","The Sahara Luxe Kimono Abaya Set by Elianabrie is designed for the woman who appreciates cultural artistry and modern modest fashion. Crafted with a striking African -inspired prints, this statement ensemble features a flowing kimono-style abaya layered over coordinated wide-leg trousers, creating a silhouette that moves with grace. The bold earth-tone pattern reflects the richness of African textile traditions while the tailored structure and refined lines bring a sophisticated, contemporary feel. The open kimono abaya drapes beautifully over a crisp inner layer, making this set perfect for elevated everyday wear, travel gatherings, and refined occasions. Designed for the modern woman of the GCC and International fashion scene, the Sahara Luxe set embodies confidence, culture, and timeless luxury. Key features: Luxury African-inspired print fabric Elegant open kimono abaya silhouette Coordinated wide-leg trousers Lightweight flowing fabric for comfort Sophisticatedneutral tones for versatile styling Perfect for daywear, events, and travel. Styling Suggestions Pair with neutral heels and a structured handbag for a refined evening look, or style with minimal sandal and soft accessories for an elevated daytime ensemble.","https://www.elianabrie.com/?post_type=product&p=1750","https://www.elianabrie.com/wp-content/uploads/2026/01/Artboard-15.png","https://www.elianabrie.com/wp-content/uploads/2026/01/Artboard-15.png,https://www.elianabrie.com/wp-content/uploads/2026/02/DSC05000-copy.jpg","700.00 AED","","in stock","new","Elianabrie","Apparel & Accessories > Clothing > Outfit Sets","Women > Modest Fashion > Kimono Sets","female","adult","","",""
"1763","The Aveline Blazer Abaya","The Aveline Structured Blazer Abaya redefines modern modest elegance. Designed with a sharply tailored silhouette, this refined coat abaya blends the sophistication of a classic blazer with the graceful flow of traditional modest wear. Crafted in a timeless softy grey tone, the piece features clean lapels, structured shoulders, and elegant double breasted Botton detailing that creates a polished, contemporary aesthetic. The back of the Aveline Blazer Abaya features a striking black sculpted panel that contours the silhouette and creates a refined, elongated shape. This Architectural design detail adds a modern fashion-forward edge while maintaining elegant modest coverage. Perfect for professional settings, city outings, or elevated everyday wear, this blazer pairs seamlessly with tailored trousers, dresses or classic inner abayas for a sophisticated layered look. A modern statement of confidence, minimalism and luxury. Features: Tailored blazer-inspired silhouette Sculpted contrast back panel Elegant minimalist grey tone Structured shoulders and lapels Modern modest luxury design","https://www.elianabrie.com/product/grey-structured-balzer-abaya/","https://www.elianabrie.com/wp-content/uploads/2026/01/Artboard-17.png","https://www.elianabrie.com/wp-content/uploads/2026/01/Artboard-17.png,https://www.elianabrie.com/wp-content/uploads/2026/02/DSC05542-1.jpg","680.00 AED","","in stock","new","Elianabrie","Apparel & Accessories > Clothing > Outerwear > Coats & Jackets","Women > Modest Fashion > Blazer Abayas","female","adult","","",""
"1771","Sahara Eclipse Printed Abaya","This rust printed open abaya blends contemporary design with timeless modest elegance. The rich earthy tones combined with unique artistic prints create a striking piece that effortlessly elevates your outfit. Designed with a relaxed flowing cut, this abaya offers both comfort and style. The open-front design allows for easy layering, making it perfect for pairing with dresses, wide-leg trousers, or minimalist inner sets. The artistic pattern adds depth and character to the piece while maintaining a refined aesthetic that works beautifully for both daytime and evening occasions. Whether you’re attending an event or looking to enhance your everyday modest wardrobe, this abaya offers effortless sophistication and versatility. Key Details • Elegant rust color palette • Unique artistic circular pattern • Flowing modest silhouette • Comfortable lightweight fabric • Open front for versatile styling Perfect For • Special occasions • Modest everyday fashion • Elegant gatherings • Statement layering piece","https://www.elianabrie.com/?post_type=product&p=1771","https://www.elianabrie.com/wp-content/uploads/2026/01/Artboard-18.png","https://www.elianabrie.com/wp-content/uploads/2026/02/DSC05041-copy.jpg","650.00 AED","","in stock","new","Elianabrie","Apparel & Accessories > Clothing > Dresses","Women > Modest Fashion > Abayas","female","adult","","M - L",""
"1776","Amara Color-Block Blazer Abaya","The Amara Color-Block Blazer Abaya redefined modern modest tailoring with a refined, structured silhouette. Designed with a sophisticated blazer-inspired cut, this abaya features elegant lapels and a contemporary clot-block composition that creates a striking yet refined statement. Crafted for the modern woman, its tailored lines offer effortless elegance, making it ideal for professional settings, travel, or elevated everyday wear. The contrasting panels enhance the silhouette while maintaining the graceful flow of traditional modest fashion. Perfect balance between luxury minimalism and modern modest design, the Amara Abaya brings timeless sophistication to any wardrobe.","https://www.elianabrie.com/?post_type=product&p=1776","https://www.elianabrie.com/wp-content/uploads/2026/01/Artboard-19.png","https://www.elianabrie.com/wp-content/uploads/2026/01/Artboard-19.png,https://www.elianabrie.com/wp-content/uploads/2026/02/DSC05458-1.jpg","650.00 AED","","in stock","new","Elianabrie","Apparel & Accessories > Clothing > Outerwear > Coats & Jackets","Women > Modest Fashion > Blazer Abayas","female","adult","","",""
"2239","Midnight Garden Abaya","Elevate your modest wardrobe with this luxurious black abaya adorned with vibrant multicolored floral motifs. Designed to make a statement, this elegant piece features floral motifs throughout the fabric, creating a rich and artistic visual texture. The abaya is tailored with structured lapel detailing and wide statement sleeves, offering a contemporary silhouette while maintaining timeless modest elegance. the refined craftsmanship and bold designs make it a perfect choice for special occasions, formal gathering or elevated evening wear. Crafted for women who appreciate luxury modest fashion, this abaya combines traditional designs with modern sophistication, ensuring both comfort and standout style.","https://www.elianabrie.com/?post_type=product&p=2239","https://www.elianabrie.com/wp-content/uploads/2026/01/Artboard-10.png","https://www.elianabrie.com/wp-content/uploads/2026/02/DSC04404-1.jpg,https://www.elianabrie.com/wp-content/uploads/2026/02/Artboard-20.png","800.00 AED","","in stock","new","Elianabrie","Apparel & Accessories > Clothing > Dresses","Women > Modest Fashion > Abayas","female","adult","","",""
"2246","Aurelia Printed Abaya","Discover refined elegance with his rust printed luxury abaya. Designed for the modern modest women, handcrafted with African Prints fabric, this statement piece blends rich earthly tones with fluid tailoring for graceful movements. Perfect for formal gatherings, Ramadan evenings, Eid celebrations, and elevated everyday wear across UAE, Saudi Arabia, the GCC and worldwide. Fabric Type: Cotton Fully lined.","https://www.elianabrie.com/?post_type=product&p=2246","https://www.elianabrie.com/wp-content/uploads/2026/01/Artboard-4.png","https://www.elianabrie.com/wp-content/uploads/2026/02/Artboard-22.png,https://www.elianabrie.com/wp-content/uploads/2026/02/Artboard-23.png","650.00 AED","","in stock","new","Elianabrie","Apparel & Accessories > Clothing > Dresses","Women > Modest Fashion > Abayas","female","adult","","M - L",""
"2395","Indigo Zuri Printed Luxury Abaya","Crafted for the modern woman who appreciates heritage and refinement, the Elianabrie Indigo Signature Print Abaya is a statement of effortless luxury. Featuring a bold indigo palette with intricate African-inspired geometric motifs, this piece embodies cultural elegance with a contemporary edge. The relaxed silhouette ensures fluid movement and comfort, while the tailored neckline and subtle detailing elevate its sophistication. Perfect for both daywear and elevated occasions, this abaya seamlessly blends tradition with modern luxury styling. Pair it with a structured handbag for a polished look or dress it down for refined everyday elegance.","https://www.elianabrie.com/?post_type=product&p=2395","https://www.elianabrie.com/wp-content/uploads/2026/04/5.jpg","https://www.elianabrie.com/wp-content/uploads/2026/02/DSC04610-1.jpg,https://www.elianabrie.com/wp-content/uploads/2026/02/DSC04602-1.jpg","650.00 AED","","in stock","new","Elianabrie","Apparel & Accessories > Clothing > Dresses","Women > Modest Fashion > Abayas","female","adult","","",""
"2462","Serene Duality Embellished Silk Abaya","A study in soft contrast and refined craftsmanship, the Serene Duality Abaya captures effortless elegance through its harmonious blend of sage green and warm blush tones. Crafted from fluid silk, this full-length silhouette drapes with understated grace, while hand-applied crystal embellishments along the neckline introduce a subtle luminosity. Designed for the modern woman who values quiet luxury, this piece transitions seamlessly from intimate gatherings to grand occasions. The wide, flowing sleeves and relaxed kaftan cut offer both comfort and sophistication, making it a timeless addition to any curated wardrobe. STYLING DIRECTION Pair with nude or metallic heels for elongation Add minimal diamond or pearl jewelry (keep focus on neckline) Style hair sleek or softly voluminous for editorial feel Carry a structured mini clutch in champagne or taupe Ideal for: Eid, formal dinners, Ramadan gatherings, luxury events","https://www.elianabrie.com/?post_type=product&p=2462","https://www.elianabrie.com/wp-content/uploads/2026/04/Color-collection-2-.jpg","https://www.elianabrie.com/wp-content/uploads/2026/04/Color-collection-1-.jpg","700.00 AED","","in stock","new","Elianabrie","Apparel & Accessories > Clothing > Dresses","Women > Modest Fashion > Abayas","female","adult","","",""
"2468","Elianabrie Noir Blush Crystal Panel Abaya","The Noir Blush Crystal Panel Abaya is a refined statement in modern modest luxury. Designed with a striking two-tone composition, this piece contrasts deep noir with soft blush in a clean panel layout that elongates and enhances the silhouette. The neckline is adorned with delicate crystal embellishments, meticulously placed to create a subtle yet captivating shimmer. The fluid cut and wide sleeves offer graceful movement, balancing structure with softness. Perfect for elevated evenings, Ramadan gatherings, and special occasions, this abaya delivers understated drama with timeless sophistication.","https://www.elianabrie.com/?post_type=product&p=2468","https://www.elianabrie.com/wp-content/uploads/2026/04/Color-collection-5.jpg","https://www.elianabrie.com/wp-content/uploads/2026/04/Color-collection-4.jpg,https://www.elianabrie.com/wp-content/uploads/2026/04/Color-collection-3-.jpg","700.00 AED","","in stock","new","Elianabrie","Apparel & Accessories > Clothing > Dresses","Women > Modest Fashion > Abayas","female","adult","","",""
"2475","Noir Zahra Gold Kaftan","The Noir Zahra Gold Kaftan is a statement in refined modest luxury. Crafted in a fluid black silhouette, this piece is elevated with striking gold chevron detailing along the neckline and sleeves—creating a bold yet sophisticated contrast. Designed for effortless elegance, the relaxed kaftan cut drapes beautifully, offering both comfort and presence. Whether styled for evening gatherings, Eid celebrations, or formal occasions, this abaya captures timeless femininity with a contemporary edge. STYLING ADVICE Pair with metallic gold heels or sandals for a cohesive luxury finish Style with a structured gold clutch (as shown) to elevate evening appeal Add minimal gold jewelry (thin bangles or drop earrings) For a premium layered look: wear over a silk inner slip dress in black or champagne","https://www.elianabrie.com/?post_type=product&p=2475","https://www.elianabrie.com/wp-content/uploads/2026/04/Photo-Apr-30-2026-09-23-26.jpg","https://www.elianabrie.com/wp-content/uploads/2026/04/Photo-Apr-30-2026-09-23-26-2.jpg,https://www.elianabrie.com/wp-content/uploads/2026/04/Photo-Apr-30-2026-09-23-26-3.jpg,https://www.elianabrie.com/wp-content/uploads/2026/04/Photo-Apr-30-2026-09-23-26-1.jpg","675.00 AED","","in stock","new","Elianabrie","Apparel & Accessories > Clothing > Dresses","Women > Modest Fashion > Kaftans","female","adult","","",""
"2485","Emerald Chevron Signature Kaftan Abaya","Depth. Richness. Quiet power. The Elianabrie Emerald Chevron Signature Kaftan Abaya captures the essence of elevated modest fashion. Rendered in a deep emerald tone, this design evokes sophistication while remaining effortlessly wearable. The gold chevron panel introduces a refined focal point, adding dimension and subtle opulence. Its fluid kaftan silhouette drapes beautifully, offering both comfort and commanding presence. Perfectly balanced between tradition and modernity, this piece is designed for women who appreciate understated luxury. Key Features: Deep emerald premium silk-blend fabric Signature gold chevron front panel Relaxed kaftan silhouette Wide, flowing sleeves Ideal for Ramadan, Eid, and evening occasions","https://www.elianabrie.com/?post_type=product&p=2485","https://www.elianabrie.com/wp-content/uploads/2026/04/Photo-Apr-30-2026-09-36-35.jpg","https://www.elianabrie.com/wp-content/uploads/2026/04/Photo-Apr-30-2026-09-36-35-1.jpg,https://www.elianabrie.com/wp-content/uploads/2026/04/Photo-Apr-30-2026-09-36-35-3.jpg,https://www.elianabrie.com/wp-content/uploads/2026/04/Photo-Apr-30-2026-09-36-35-2.jpg","675.00 AED","","in stock","new","Elianabrie","Apparel & Accessories > Clothing > Dresses","Women > Modest Fashion > Kaftans","female","adult","","",""
"2487","Noir Copper Embroidered Signature Abaya","A refined expression of modern modesty, the Noir Copper Embroidered Signature Abaya is crafted for the woman who values understated luxury. This piece features a deep black base elevated with intricate copper-toned embroidery along the sleeves and shoulders—creating a striking contrast that reflects both heritage artistry and contemporary elegance. The relaxed open silhouette allows effortless layering, making it ideal for both daywear sophistication and evening refinement. Key Features: Premium flowing fabric for graceful drape Hand-finished copper embroidery detailing Elegant open-front design Structured yet fluid sleeves for a polished look Perfect for formal gatherings, Ramadan, Eid, and luxury everyday wear","https://www.elianabrie.com/?post_type=product&p=2487","https://www.elianabrie.com/wp-content/uploads/2026/04/Photo-Apr-30-2026-09-47-29-2.jpg","https://www.elianabrie.com/wp-content/uploads/2026/04/Photo-Apr-30-2026-09-47-29-3.jpg,https://www.elianabrie.com/wp-content/uploads/2026/04/Photo-Apr-30-2026-09-47-29.jpg,https://www.elianabrie.com/wp-content/uploads/2026/04/Photo-Apr-30-2026-09-47-29-1.jpg","650.00 AED","","in stock","new","Elianabrie","Apparel & Accessories > Clothing > Dresses","Women > Modest Fashion > Abayas","female","adult","","",""
"2493","Sahara Linen Contrast Abaya","The Sahara Linen Contrast Abaya is designed for refined summer living. Crafted from premium breathable linen , this piece delivers exceptional airflow and lightweight comfort—ideal for warm climates across the GCC. The clean white base is elevated with bold contrast panels in black abstract print and warm sand tones , creating a modern yet timeless statement. The relaxed silhouette allows natural movement, while the structured front detailing introduces a subtle tailored finish. A perfect balance of comfort, luxury, and contemporary modest design , this abaya transitions effortlessly from daytime elegance to evening sophistication. Features Breathable linen fabric ideal for hot climates Lightweight, non-cling silhouette Statement contrast design (black + sand tones) Day-to-night versatility Luxury minimal aesthetic Styling Pair with flat leather sandals or minimal heels Add a woven or structured neutral bag Keep accessories light gold or pearl Opt for fresh, dewy makeup + sleek hair Perfect with light inner dress in cotton or silk","https://www.elianabrie.com/product/linen-summer-abaya-contrast-luxury-uae-saudi/","https://www.elianabrie.com/wp-content/uploads/2026/04/Photo-Apr-30-2026-09-57-11-2.jpg","https://www.elianabrie.com/wp-content/uploads/2026/04/Photo-Apr-30-2026-09-57-11.jpg,https://www.elianabrie.com/wp-content/uploads/2026/04/Photo-Apr-30-2026-09-57-11-4.jpg","680.00 AED","","in stock","new","Elianabrie","Apparel & Accessories > Clothing > Dresses","Women > Modest Fashion > Abayas","female","adult","","",""
"2519","Elianabrie Olive Noir Linen Contrast Abaya","Designed for elevated summer dressing, the Olive Noir Linen Contrast Abaya combines breathable comfort with modern elegance. Crafted from premium linen, this piece allows airflow and ease—making it ideal for warm climates across the UAE and Saudi Arabia. The soft olive tone is enhanced by bold contrast sleeves in black and neutral hues, delivering a refined yet striking look. Its relaxed silhouette ensures all-day comfort without compromising on structure or sophistication. A perfect balance of practicality and luxury, this abaya is your go-to for effortless summer styling. Styling Advice (Summer Edition) Pair with minimal sandals or open-toe heels Style with a light chiffon or silk hijab in cream or black Add oversized sunglasses for a resort-luxe feel Keep jewelry light: thin gold layers or studs Ideal for day outings, travel, casual luxury moments","https://www.elianabrie.com/?post_type=product&p=2519","https://www.elianabrie.com/wp-content/uploads/2026/04/Photo-Apr-30-2026-09-57-11-1.jpg","https://www.elianabrie.com/wp-content/uploads/2026/04/Photo-Apr-30-2026-09-57-11-3.jpg","680.00 AED","","in stock","new","Elianabrie","Apparel & Accessories > Clothing > Dresses","Women > Modest Fashion > Abayas","female","adult","","",""
"2522","Elianabrie Dual Tone Linen Abaya","The Desert Noir Hand-Stitched Linen Abaya is a study in refined craftsmanship. Designed in a sophisticated dual-tone palette of deep brown and warm desert brown, this piece is elevated by visible hand-stitched edging —a subtle yet powerful detail that defines its artisanal character. Crafted from premium breathable linen, it offers lightweight comfort ideal for warm climates while maintaining a structured, fluid silhouette. The contrast stitching frames the abaya with precision, adding depth and a tailored finish that distinguishes it from standard designs. A timeless essential for the modern woman who values quiet luxury and craftsmanship . Styling Keep inner outfit minimal (ivory/nude) to let stitching stand out Pair with fine gold or leather accessories to complement artisanal feel Opt for textured handbags (woven/leather) to echo craftsmanship","https://www.elianabrie.com/?post_type=product&p=2522","https://www.elianabrie.com/wp-content/uploads/2026/04/Photo-Apr-30-2026-10-10-49-1.jpg","https://www.elianabrie.com/wp-content/uploads/2026/04/Photo-Apr-30-2026-10-10-49-4.jpg,https://www.elianabrie.com/wp-content/uploads/2026/04/Photo-Apr-30-2026-10-10-49.jpg","600.00 AED","","in stock","new","Elianabrie","Apparel & Accessories > Clothing > Dresses","Women > Modest Fashion > Abayas","female","adult","","",""
"2524","Sand & Noir Dual-Tone Linen Abaya.","A refined expression of understated luxury, this dual-tone linen abaya is crafted for effortless elegance in warm climates. Featuring a harmonious blend of sand beige and deep noir, the design is elevated with delicate hand-stitched edging that adds artisanal character to its clean silhouette. The breathable linen fabric ensures all-day comfort, making it ideal for summer in the GCC while maintaining a polished, structured drape. Designed for the modern woman who values both simplicity and distinction, this piece transitions seamlessly from daytime sophistication to evening minimalism. Styling Pair with ivory or soft cream inner dress for a clean monochrome look Style with gold or brushed metal accessories to enhance warm tones Add structured sandals or minimal heels for a polished finish Works beautifully with a sleek low bun or straight hair","https://www.elianabrie.com/?post_type=product&p=2524","https://www.elianabrie.com/wp-content/uploads/2026/04/Photo-Apr-30-2026-10-10-49-3.jpg","https://www.elianabrie.com/wp-content/uploads/2026/04/Photo-Apr-30-2026-10-10-49-2.jpg,https://www.elianabrie.com/wp-content/uploads/2026/04/Photo-Apr-30-2026-10-10-49-5.jpg","600.00 AED","","in stock","new","Elianabrie","Apparel & Accessories > Clothing > Dresses","Women > Modest Fashion > Abayas","female","adult","","",""
"2529","Blush Veil Embroidered Crepe Abaya","A statement in understated elegance, the Blush Veil Abaya is crafted from premium lightweight crepe, designed to move effortlessly with the body. The soft blush tone exudes quiet luxury, while delicate embroidery along the sleeves and front adds a refined artisanal touch. Its fluid silhouette and breathable fabric make it ideal for warm climates, offering both comfort and sophistication. Styled with a matching headscarf, this piece transitions seamlessly from elevated daywear to evening refinement. A modern essential for the woman who values elegance, modesty, and timeless design. “Lightweight Summer Fabric” “Elegant Embroidery” “Limited Edition","https://www.elianabrie.com/?post_type=product&p=2529","https://www.elianabrie.com/wp-content/uploads/2026/04/Photo-Apr-30-2026-10-24-00-1-1.jpg","https://www.elianabrie.com/wp-content/uploads/2026/04/Photo-Apr-30-2026-10-24-00-1.jpg","650.00 AED","","in stock","new","Elianabrie","Apparel & Accessories > Clothing > Dresses","Women > Modest Fashion > Abayas","female","adult","","",""
"2532","Celeste Olive Crepe Embroidered Abaya","A statement in effortless elegance, the Celeste Olive Embroidery Abaya is crafted from premium lightweight crepe, offering a fluid silhouette that moves with grace. The soft olive tone is elevated with delicate embroidery detailing and subtle contrast trim, creating a refined balance between minimalism and luxury. Designed for the modern woman in the GCC, this abaya transitions seamlessly from daywear to evening sophistication, embodying understated confidence and timeless style. Styling Pair with neutral heels or metallic sandals for elevated elegance Style with a structured handbag (ivory, nude, or gold tones) Keep accessories minimal: gold jewelry or pearl accents Works beautifully with a sleek straight hairstyle or soft waves","https://www.elianabrie.com/?post_type=product&p=2532","https://www.elianabrie.com/wp-content/uploads/2026/04/Photo-Apr-30-2026-10-24-00-2.jpg","https://www.elianabrie.com/wp-content/uploads/2026/04/Photo-Apr-30-2026-10-24-00.jpg","650.00 AED","","in stock","new","Elianabrie","Apparel & Accessories > Clothing > Dresses","Women > Modest Fashion > Abayas","female","adult","","",""
"2534","Noir Azure Embroidered Lace Jalabiya Set","A statement in refined elegance, the Noir Azure Jalabiya Set is crafted for the modern woman who embodies grace and presence. This two-piece design features a fluid inner dress layered with a sheer black lace overlay, intricately embroidered with deep sapphire floral motifs and delicate beadwork. The silhouette flows effortlessly, while the wide, draped sleeves create a soft, ethereal movement. Designed for elevated occasions—from Ramadan evenings to formal gatherings—this piece blends traditional modesty with contemporary luxury. Styling Advice Pair with silver or sapphire jewelry to enhance embroidery tones Style with metallic heels (silver/black chrome) for evening wear Add a sleek black or deep blue hijab for a cohesive luxury look Finish with a structured mini bag for a modern contrast","https://www.elianabrie.com/?post_type=product&p=2534","https://www.elianabrie.com/wp-content/uploads/2026/05/Purble-5-.jpg","https://www.elianabrie.com/wp-content/uploads/2026/04/Photo-Apr-30-2026-10-46-48-1.jpg,https://www.elianabrie.com/wp-content/uploads/2026/05/blue-3-.jpg","1800.00 AED","","in stock","new","Elianabrie","Apparel & Accessories > Clothing > Outfit Sets","Women > Modest Fashion > Jalabiya Sets","female","adult","","",""
"2543","Elianabrie Noir Amethyst Embroidered Jalabiya Set","A statement of refined elegance, the Noir Amethyst Jalabiya Set by Elianabrie is designed for women who embody sophistication and presence. This two-piece ensemble features a rich amethyst inner dress layered with a delicate sheer black overlay, adorned with intricate floral embroidery in deep violet tones. The flowing silhouette creates graceful movement, while the detailed craftsmanship elevates it into a true occasion piece. Perfect for evening gatherings, Eid celebrations, and luxury events across the GCC, this jalabiya blends modern femininity with timeless modest wear. Key Features 2-piece luxury jalabiya set Sheer embroidered outer layer Rich amethyst inner dress Hand-finished floral embroidery Lightweight, breathable fabric Flowing silhouette for elegant movement Ideal for Eid, weddings, and evening wear","https://www.elianabrie.com/?post_type=product&p=2543","https://www.elianabrie.com/wp-content/uploads/2026/05/Purble-4-.jpg","https://www.elianabrie.com/wp-content/uploads/2026/04/Photo-Apr-30-2026-10-46-48-7.jpg,https://www.elianabrie.com/wp-content/uploads/2026/04/Photo-Apr-30-2026-10-46-48-1.jpg","1800.00 AED","","in stock","new","Elianabrie","Apparel & Accessories > Clothing > Outfit Sets","Women > Modest Fashion > Jalabiya Sets","female","adult","","",""
"2548","Elianabrie Noir Linen Art Abaya","A refined expression of modern modest fashion, the Noir Linen Art Abaya is designed for the contemporary woman who values effortless elegance. Crafted from breathable premium linen, this piece is ideal for warm climates across the GCC. The abstract patchwork detailing in soft olive and muted blue tones introduces a subtle artistic dimension, while the hand-finished stitch accents elevate its luxury appeal. Its relaxed silhouette ensures comfort without compromising on sophistication, making it perfect for both everyday wear and elevated casual styling. Styling Advice Pair with neutral heels or transparent sandals for a clean, elevated look Add a structured mini bag in beige or olive Style with minimal gold jewelry for understated luxury Perfect with a soft chiffon hijab in nude or sage tones Useful Tips Perfect for Summer Heat Breathable Linen Fabric Everyday Luxury","https://www.elianabrie.com/?post_type=product&p=2548","https://www.elianabrie.com/wp-content/uploads/2026/05/Grey-black-1.jpg","https://www.elianabrie.com/wp-content/uploads/2026/05/Grey-black-2-.jpg,https://www.elianabrie.com/wp-content/uploads/2026/05/Grey-black-3-.jpg","850.00 AED","","in stock","new","Elianabrie","Apparel & Accessories > Clothing > Dresses","Women > Modest Fashion > Abayas","female","adult","","",""
"2553","Elianabrie Celeste Flow Cape Abaya","A refined expression of modern modesty, the Celeste Flow Cape Abaya is designed for effortless elegance. Crafted in a soft mint tone, this piece features fluid draped cape sleeves that create graceful movement with every step. The minimalist silhouette is elevated with a subtle neckline detail, making it perfect for both daytime sophistication and evening refinement. Lightweight and breathable, this abaya is ideal for warm climates across the UAE and Saudi Arabia, offering comfort without compromising on luxury. Styling Advice Pair with nude or metallic heels for a refined finish Add a structured mini bag in ivory or gold Style with slick straight hair or soft waves for editorial appeal Minimal jewelry works best – think gold cuffs or pearl accents Useful Tips Perfect for Summer” “Lightweight & Breathable” “Limited Edition Color”","https://www.elianabrie.com/?post_type=product&p=2553","https://www.elianabrie.com/wp-content/uploads/2026/05/Dress-4.jpg","https://www.elianabrie.com/wp-content/uploads/2026/04/Photo-Apr-30-2026-10-46-48.jpg,https://www.elianabrie.com/wp-content/uploads/2026/04/Photo-Apr-30-2026-10-46-48-4.jpg,https://www.elianabrie.com/wp-content/uploads/2026/04/Photo-Apr-30-2026-10-46-48-2.jpg","550.00 AED","","in stock","new","Elianabrie","Apparel & Accessories > Clothing > Dresses","Women > Modest Fashion > Cape Abayas","female","adult","","",""
"2558","Elianabrie “Noor Flow” Cape Abaya","A statement of quiet luxury, the Noor Flow Cape Abaya is crafted in a rich deep teal tone that exudes sophistication and modern elegance. Designed with fluid cape sleeves and a soft, flowing silhouette, this piece moves effortlessly with grace. The minimalist neckline detail adds refinement, while the airy fabric enhances comfort, making it ideal for warm climates across the GCC. Perfect for evening gatherings, formal occasions, or elevated everyday wear. Styling Advice Pair with minimal gold jewelry for a refined luxury look Style with pointed heels or metallic sandals for evening wear Add a structured clutch in nude, gold, or black For daytime: wear with flat mules + soft makeup glow","https://www.elianabrie.com/?post_type=product&p=2558","https://www.elianabrie.com/wp-content/uploads/2026/05/Dress-5.jpg","","450.00 AED","","in stock","new","Elianabrie","Apparel & Accessories > Clothing > Dresses","Women > Modest Fashion > Cape Abayas","female","adult","","",""
"2561","Elianabrie “Noir Drape” Silk Cape Abaya","https://youtube.com/shorts/S-6jXuHNhc4A study in understated elegance, the Noir Drape Silk Cape Abaya is designed for the modern woman who values quiet luxury. Crafted from fluid silk fabric, this piece features a graceful cape silhouette with wide flowing sleeves that create effortless movement. The subtle neckline slit adds refinement without compromising modesty, while the minimalist structure enhances its timeless appeal. Ideal for evening gatherings, formal occasions, or elevated daywear, this abaya embodies sophistication in its purest form. Styling Advice Pair with pointed black heels or metallic sandals for evening elevation Add a structured mini clutch (gold or black) Style with slick hair or soft waves for a polished look Keep jewelry minimal: thin gold bangles or statement ring Optional: layer with a contrasting inner slip dress (ivory or champagne) for dimension “Perfect for Evening & Formal Wear” “Made for GCC Climate – Lightweight & Breathable” “Limited Edition Drop”","https://www.elianabrie.com/?post_type=product&p=2561","https://www.elianabrie.com/wp-content/uploads/2026/05/dress-6-.jpg","https://www.elianabrie.com/wp-content/uploads/2026/05/dress-6-.jpg","450.00 AED","","in stock","new","Elianabrie","Apparel & Accessories > Clothing > Dresses","Women > Modest Fashion > Cape Abayas","female","adult","","",""
"2564","Celeste Opulence Two-Piece Silk and Lace Embellished Kimono Set","The Celeste Opulence Set is a statement of quiet luxury and refined craftsmanship. Featuring a fluid silk inner dress layered beneath a richly textured, embellished kimono, this design blends modern elegance with timeless modesty. The soft metallic tones and intricate detailing create depth and dimension, while the relaxed silhouette ensures graceful movement with every step. Designed for elevated occasions — from Eid gatherings to evening celebrations — this piece embodies understated power and sophistication. STYLING ADVICE 1. Footwear Direction Opt for minimal metallic heels (silver, chrome, or soft gold) to complement the kimono’s embellishment For a softer luxury look: nude or transparent strap heels to elongate the silhouette Avoid heavy or chunky shoes — the outfit relies on fluid elegance 2. Bag Selection Pair with a structured mini clutch or micro bag in: metallic silver champagne gold satin grey For editorial styling: a crystal-embellished clutch elevates the evening look 3. Jewelry Approach Keep jewelry intentional and minimal : delicate drop earrings or diamond studs slim cuff or single statement ring Avoid layering — the garment already carries texture and detail 4. Hair & Makeup Direction Hair: sleek straight (center-parted for power look) or soft Hollywood waves for evening elegance Makeup: glowing skin + sculpted contour neutral smoky eye or soft taupe tones nude or rose lip for balance 5. Layering & Occasion Styling Wear fully closed for formal / modest luxury settings Slightly open the kimono to reveal silk dress for a modern editorial silhouette Ideal for: Eid gatherings wedding receptions luxury evening events formal dinners 6. Color Pairing Strategy Works best with: silver tones cool greys soft metallics Keep accessories within the same tone family for a cohesive luxury look","https://www.elianabrie.com/?post_type=product&p=2564","https://www.elianabrie.com/wp-content/uploads/2026/05/Eid-collection-1-.jpg","https://www.elianabrie.com/wp-content/uploads/2026/05/Eid-collection-3.jpg,https://www.elianabrie.com/wp-content/uploads/2026/05/Eid-collection-2-.jpg","1250.00 AED","","out of stock","new","Elianabrie","Apparel & Accessories > Clothing > Outfit Sets","Women > Modest Fashion > Kimono Sets","female","adult","","",""
"2570","Elianabrie “Rose Dusk” Embellished Kimono Set","Elevate your wardrobe with the Elianabrie Rose Dusk Kimono Set , a statement of timeless femininity and understated luxury. This two-piece ensemble features a sleek satin inner dress that drapes effortlessly, layered with a sheer kimono adorned in intricate embellishments and soft shimmer detailing. Designed for the modern woman who values elegance and modesty, this piece moves gracefully with every step—perfect for weddings, Eid celebrations, and exclusive evening gatherings. The dusty rose tone flatters all skin tones while delivering a soft yet powerful presence. 💎 Styling Advice Pair with metallic heels (gold or champagne) for a refined evening finish Add minimal diamond or pearl jewelry to complement the embellishments Style with a structured mini clutch in nude or satin rose tones Hair: sleek straight or soft Hollywood waves for a polished luxury look Makeup: warm nude glam with soft rose lips to match the palette Layering tip: For a more modest silhouette, add a tonal inner with higher neckline or a lightweight chiffon hijab in blush, nude, or soft taupe.","https://www.elianabrie.com/?post_type=product&p=2570","https://www.elianabrie.com/wp-content/uploads/2026/05/Eid-collection-4-.jpg","https://www.elianabrie.com/wp-content/uploads/2026/05/Eid-collection-5-.jpg,https://www.elianabrie.com/wp-content/uploads/2026/05/Eid-collection-6-.jpg","1250.00 AED","","in stock","new","Elianabrie","Apparel & Accessories > Clothing > Outfit Sets","Women > Modest Fashion > Kimono Sets","female","adult","","",""
"2575","Sage Noor Luxury Lace Kimono Set","The Sage Noor Luxury Lace Kimono Set is a statement in refined modest elegance—designed for the modern woman who values sophistication, grace, and presence. This two-piece ensemble features a sleek, minimal inner dress in a soft sage tone, tailored to create a smooth, elongated silhouette that flatters without compromising modesty. Layered over it is a striking full-length kimono crafted from intricately embroidered lace, elevated with subtle shimmer detailing that catches the light with every movement. The outer kimono is designed with wide, fluid sleeves that drape effortlessly, creating a sense of quiet luxury and fluidity. The delicate mesh base is adorned with rich botanical-inspired embroidery and soft sequin accents, giving the piece dimension and depth while maintaining an airy, breathable feel—perfect for warm climates across the GCC. The tonal harmony between the inner dress and the kimono creates a cohesive, polished look, while the textured overlay introduces visual interest and couture-level detail. The open-front design allows for versatile styling, whether worn flowing freely or subtly cinched for a more structured finish. This piece transitions seamlessly from intimate Ramadan gatherings to Eid celebrations, wedding events, and evening occasions. It embodies understated glamour—never loud, yet undeniably captivating. Designed for women who appreciate craftsmanship and modern modest fashion, this set balances tradition with contemporary elegance, making it a timeless addition to any luxury wardrobe. Styling Advice Style this set with champagne, gold, or crystal heels to enhance the shimmer of the lace. Pair it with a metallic clutch and delicate jewellery—think fine bracelets, drop earrings, or soft pearl accents. For hijab styling, opt for chiffon or silk in tones such as sage green (monochrome), nude beige, champagne, or soft gold. A clean, minimal wrap will maintain the elevated aesthetic. Keep makeup luminous and soft—bronze eyes, highlighted skin, and a muted rose or nude lip work beautifully with this palette. Hair (if uncovered) should be sleek and polished to complement the refined silhouette.","https://www.elianabrie.com/?post_type=product&p=2575","https://www.elianabrie.com/wp-content/uploads/2026/05/Eid-collection-9-.jpg","https://www.elianabrie.com/wp-content/uploads/2026/05/Eid-collection-10-.jpg,https://www.elianabrie.com/wp-content/uploads/2026/05/Eid-collection-8-.jpg,https://www.elianabrie.com/wp-content/uploads/2026/05/Eid-collection-7-.jpg","1250.00 AED","","in stock","new","Elianabrie","Apparel & Accessories > Clothing > Outfit Sets","Women > Modest Fashion > Kimono Sets","female","adult","","",""
"2583","Elianabrie “Emerald Veil” Luxury Lace Kimono Set","Command attention with the Emerald Veil Luxury Kimono Set , a refined expression of modern modest fashion. Designed for the woman who embodies quiet power and elegance, this two-piece ensemble features a fluid inner dress layered beneath an intricately detailed lace kimono. The outer kimono showcases a rich emerald-toned botanical lace overlay, delicately structured to create depth, texture, and movement. Its wide, flowing sleeves add a sense of effortless drama, while the soft inner layer ensures comfort and graceful drape against the body. This piece is designed to transition seamlessly from intimate gatherings to grand occasions—making it a timeless investment in your luxury wardrobe. STYLING ADVICE 1. Elevated Evening Look Pair with: Metallic heels (gold or champagne) Accessories: Minimal diamond or emerald jewelry Bag: Structured clutch in nude or gold Hijab: Satin or silk in soft sage, ivory, or muted gold 2. Soft Luxury Day Event Pair with: Nude or transparent heels Accessories: Pearl accents for understated elegance Hijab: Matte chiffon in beige or dusty green 3. Statement Occasion Styling (Eid / Wedding Guest) Go bold with: Gold statement earrings Add: Waist belt (optional) for a more defined silhouette Makeup: Glowy skin + soft bronze tones","https://www.elianabrie.com/product/emerald-lace-kimono-set-luxury-abaya/","https://www.elianabrie.com/wp-content/uploads/2026/05/Eid-collection-11-.jpg","https://www.elianabrie.com/wp-content/uploads/2026/05/Eid-collection-11-.jpg","1250.00 AED","","in stock","new","Elianabrie","Apparel & Accessories > Clothing > Outfit Sets","Women > Modest Fashion > Kimono Sets","female","adult","","",""
"2585","Emerald Geometry Embroidered Abaya","Elevate your modest wardrobe with this refined teal abaya , designed for the modern woman who values understated luxury. Crafted in a fluid, lightweight fabric that drapes effortlessly, this piece is defined by its precision geometric embroidery in tonal turquoise hues—creating a subtle yet distinctive visual statement. The clean silhouette allows the detailing to take center stage, offering a perfect balance between minimalism and artistry . Whether worn for daytime elegance or elevated evening styling, this abaya transitions seamlessly across occasions. Designed with versatility in mind, it reflects Elianabrie’s signature philosophy: modern sophistication rooted in timeless modesty. Key Features Premium lightweight fabric – breathable for GCC climate Hand-finished geometric embroidery detailing Relaxed, flowing silhouette for elegant movement Full-length modest cut Perfect for day-to-evening wear","https://www.elianabrie.com/?post_type=product&p=2585","https://www.elianabrie.com/wp-content/uploads/2026/05/Abaya-collection-6-.jpg","https://www.elianabrie.com/wp-content/uploads/2026/05/Abaya-collection-6-.jpg,https://www.elianabrie.com/wp-content/uploads/2026/05/Abaya-collection-7-.jpg","650.00 AED","","in stock","new","Elianabrie","Apparel & Accessories > Clothing > Dresses","Women > Modest Fashion > Abayas","female","adult","","",""
"2589","Olive Heritage Embroidered Abaya – Earth Luxe Edition","Crafted for the modern woman who values understated elegance, the Olive Heritage Embroidered Abaya is a refined expression of contemporary modest fashion. Designed in a rich earthy olive tone, this piece brings a sense of calm sophistication while maintaining a powerful presence. The abaya features delicate geometric embroidery across the upper bodice and sleeves, adding depth and artisanal detail without overwhelming the silhouette. The fluid, loose-cut structure ensures graceful movement, making it ideal for both daywear and elevated evening occasions. Constructed from premium lightweight fabric, this abaya offers breathability and comfort—perfect for the Saudi climate—while maintaining a luxurious drape. The matching tonal hijab completes the look, creating a seamless, polished ensemble. A timeless investment piece that blends tradition with modern minimalism, this design reflects Elianabrie’s signature aesthetic: elegance, strength, and effortless sophistication. Product Features Premium breathable fabric (ideal for warm climates) Elegant olive tone (earth-inspired luxury palette) Hand-inspired geometric embroidery detailing Loose, flowy silhouette for comfort & modesty Kimono-style wide sleeves Comes with matching hijab Suitable for day-to-evening wear Styling Advice Pair with gold jewelry to enhance the warm olive tones Style with neutral or nude heels for elongated elegance Add a structured handbag (beige or tan) for a polished GCC look For evening: elevate with bold makeup and statement earrings For daytime luxury: keep it minimal with soft glam and flats","https://www.elianabrie.com/?post_type=product&p=2589","https://www.elianabrie.com/wp-content/uploads/2026/05/Abaya-collection-4.jpg","https://www.elianabrie.com/wp-content/uploads/2026/05/Abaya-collection-5-.jpg,https://www.elianabrie.com/wp-content/uploads/2026/05/Abaya-collection-3-.jpg,https://www.elianabrie.com/wp-content/uploads/2026/05/Abaya-collection-4.jpg","650.00 AED","","in stock","new","Elianabrie","Apparel & Accessories > Clothing > Dresses","Women > Modest Fashion > Abayas","female","adult","","",""
"2662","The Amara Dark Brown Embellished Blazer Abaya","he Amara Embellished Blazer Abaya is a statement piece for the woman who values elegance, structure, and quiet luxury. Designed in a deep brown / dark espresso tone, this full-length abaya features a tailored blazer-inspired silhouette with a refined shawl lapel and a graceful front opening. The standout detail is the beautifully embellished front motif, adding a soft feminine accent to the clean, structured design. Its modest full-length shape makes it ideal for evening occasions, formal gatherings, Eid styling, dinner events, and elevated everyday wear. Style it with pointed heels and a mini handbag for a polished luxury look, or layer it over a simple inner dress for effortless sophistication. Style this blazer abaya with: Black pointed heels for a polished evening look A structured mini handbag for luxury styling Minimal gold or black accessories A fitted black inner dress or slip dress Sleek bun or soft waves for editorial elegance Nude makeup with defined eyes for a refined finish","https://www.elianabrie.com/?post_type=product&p=2662","https://www.elianabrie.com/wp-content/uploads/2026/05/5DE4C089-760A-40DA-8131-18320E111054.png","","750.00 AED","","in stock","new","Elianabrie","Apparel & Accessories > Clothing > Outerwear > Coats & Jackets","Women > Modest Fashion > Blazer Abayas","female","adult","","",""
"2668","The Amara Black Embellished Blazer Abaya","The Amara Black Embellished Blazer Abaya is designed for the woman who values elegance, confidence, and quiet luxury. Crafted in a timeless black shade, this full-length abaya blends the polish of a tailored blazer with the graceful modesty of a classic abaya. The structured silhouette, refined shawl-style lapel, and long sleeves create a clean, elevated look, while the embellished front detail adds a feminine statement finish. Designed to move effortlessly from formal dinners to Eid gatherings, evening occasions, and sophisticated everyday styling, this piece is a wardrobe investment for the modern modest woman. Pair it with pointed heels, a sleek inner dress, and minimal accessories for a polished Elianabrie look. Key Product Features Luxury black blazer abaya Structured tailored silhouette Full-length modest design Elegant shawl-style lapel Statement embellished front closure Long sleeves Front opening style Refined occasion-wear finish Suitable for evening wear, Eid, formal events and elegant daily styling Designed for modern modest fashion lovers","https://www.elianabrie.com/product/luxury-black-embellished-blazer-abaya/","https://www.elianabrie.com/wp-content/uploads/2026/05/841AC007-120F-4874-8B61-B387CFD6F659.png","","750.00 AED","","in stock","new","Elianabrie","Apparel & Accessories > Clothing > Outerwear > Coats & Jackets","Women > Modest Fashion > Blazer Abayas","female","adult","","",""
"2670","The Amara Navy Embellished Blazer Abaya","The Amara Navy Embellished Blazer Abaya is designed for women who love timeless elegance with a modern tailored finish. Crafted in a rich navy blue shade, this full-length abaya blends the polish of a blazer with the graceful modesty of a classic abaya. The structured silhouette gives a refined, confident look, while the shawl-style lapel and long sleeves create a clean, elegant finish. The embellished front detail adds a feminine statement touch, making this piece ideal for formal dinners, Eid gatherings, evening occasions, wedding guest styling, and sophisticated everyday wear. Style it with black pointed heels, a sleek handbag, and minimal jewellery for a polished Elianabrie look. Key Product Features Luxury navy blue blazer abaya Structured tailored silhouette Full-length modest design Elegant shawl-style lapel Statement embellished front closure Long sleeves Front opening style Refined occasion-wear finish Suitable for evening wear, Eid, formal events and elegant daily styling Designed for modern modest fashion lovers","https://www.elianabrie.com/?post_type=product&p=2670","https://www.elianabrie.com/wp-content/uploads/2026/05/52795983-EAB5-4226-992E-F9D72CB9065C.png","","750.00 AED","","in stock","new","Elianabrie","Apparel & Accessories > Clothing > Outerwear > Coats & Jackets","Women > Modest Fashion > Blazer Abayas","female","adult","","",""
"2675","Noir Bloom Black Embellished Abaya","The Noir Bloom Black Embellished Abaya is a refined expression of classic modest elegance. Designed in a timeless black shade, this abaya features delicate floral embellishment along the sleeves and lower hem, adding texture and quiet luxury without overpowering the silhouette. Its relaxed full-length cut offers graceful movement and comfortable coverage, while the subtle tonal detailing gives the piece an elevated finish suitable for both special occasions and polished everyday wear. Style it with a black hijab for a monochrome look, or pair with metallic accessories for an elegant evening statement. Perfect for women seeking a sophisticated black abaya that feels classic, modest and luxurious.","https://www.elianabrie.com/?post_type=product&p=2675","https://www.elianabrie.com/wp-content/uploads/2026/05/black-abaya-2.jpg","https://www.elianabrie.com/wp-content/uploads/2026/05/Black-abaya-1.jpg","600.00 AED","","in stock","new","Elianabrie","Apparel & Accessories > Clothing > Dresses","Women > Modest Fashion > Abayas","female","adult","","",""
"2950","Noir Rose' Embellished Luxury 3-Piece Abaya Set with Matching Hijab","Effortless Elegance in Every Detail Make a sophisticated statement with the Mocha Embellished Luxury 3-Piece Abaya Set , designed for women who appreciate timeless modest fashion with refined craftsmanship. Crafted from premium flowing crepe, this elegant set includes a matching inner dress, an open-front abaya, and a coordinating hijab for a polished, complete look. The standout feature is the beautifully hand-embellished floral lace cuffs, adorned with shimmering sequins and intricate beadwork in black, deep burgundy and soft metallic tones. These luxurious details add texture and dimension while maintaining an elegant, understated aesthetic. Whether you're attending Eid celebrations, weddings, formal dinners or special gatherings, this versatile ensemble offers effortless sophistication from day to evening. Features Premium 3-piece abaya set Open-front luxury abaya Matching sleeveless inner dress Coordinating chiffon hijab Hand-embellished floral lace cuffs Lightweight premium crepe fabric Relaxed modest silhouette Elegant drape with full-length coverage Suitable for all seasons Designed for special occasions and elevated everyday wear Product Highlights ✔ Luxury modest fashion ✔ Premium crepe fabric ✔ Intricate floral embellishments ✔ Matching hijab included ✔ Elegant occasion wear ✔ Comfortable flowing fit ✔ Exclusive Elianabrie design","https://www.elianabrie.com/?post_type=product&p=2950","https://www.elianabrie.com/wp-content/uploads/2026/08/Photo-Aug-02-2026-23-50-00-15-1.jpg","https://www.elianabrie.com/wp-content/uploads/2026/08/Photo-Aug-02-2026-23-50-00-13-1.jpg,https://www.elianabrie.com/wp-content/uploads/2026/08/DSC06257.jpg,https://www.elianabrie.com/wp-content/uploads/2026/08/Edit-18.jpg,https://www.elianabrie.com/wp-content/uploads/2026/08/DSC06281.jpg,https://www.elianabrie.com/wp-content/uploads/2026/08/DSC06251.jpg","1149.00 AED","","in stock","new","Elianabrie","Apparel & Accessories > Clothing > Outfit Sets","Women > Modest Fashion > Abaya Sets","female","adult","","",""
"3011","Celestine Navy Embellished 3-Piece Abaya Set","Celestine Navy Embellished 3-Piece Abaya Set Discover understated glamour with the Celestine Navy Embellished 3-Piece Abaya Set , an elegant expression of contemporary modest dressing designed for occasions that call for something truly special. Crafted in a rich deep navy crepe , Celestine combines a graceful, flowing silhouette with intricate statement detailing. The open abaya drapes beautifully over the body, creating fluid movement while maintaining the effortless coverage and sophistication of a timeless abaya. The defining feature is its exquisite floral embellished detailing . Generously placed along the wide cuffs, the intricate design combines black lace-inspired detailing with jewel-toned accents of teal, purple and blue, finished with shimmering sequins and beadwork. Against the deep navy base, the embellishment creates a striking contrast that catches the light beautifully without overwhelming the elegance of the piece. The set is completed with a coordinating inner piece and matching hijab , creating a polished head-to-toe look and removing the need to search for complementary separates. The matching hijab carries coordinating embellished detailing, allowing it to be styled simply while still making an impact. Designed with versatility in mind, Celestine can be worn as a complete three-piece ensemble for a sophisticated statement or styled with pieces already in your wardrobe for a more understated look. Why You'll Love Celestine Elegant 3-piece coordinated abaya set Crafted from beautifully draping crepe fabric Rich and timeless deep navy blue Statement floral embellished cuffs Jewel-toned detailing with delicate sequins and beadwork Coordinating inner piece Matching hijab for a complete modest look Flowing, relaxed silhouette for elegant coverage Ideal for Eid, weddings, evening events, celebrations and special occasions A sophisticated alternative to the traditional black occasion abaya The deep navy palette makes Celestine particularly versatile. Pair it with metallic accessories and an elegant clutch for evening occasions, or keep the styling tonal and minimal to allow the intricate craftsmanship of the sleeves to become the focal point. Celestine is designed for the woman who wants her modest wardrobe to feel distinctive, feminine and refined — where the beauty is found not in excess, but in exceptional details. Fabric: Crepe Colour: Deep Navy Blue Set: 3 Pieces Detailing: Floral embellishment, beadwork and sequins Style: Elegant / Occasion / Luxury Modest Wear Care: Due to the delicate embellished detailing, gentle professional dry cleaning is recommended.","https://www.elianabrie.com/?post_type=product&p=3011","https://www.elianabrie.com/wp-content/uploads/2026/08/DSC06239.jpg","https://www.elianabrie.com/wp-content/uploads/2026/08/Photo-Aug-02-2026-23-50-00-13.jpg,https://www.elianabrie.com/wp-content/uploads/2026/08/Photo-Aug-02-2026-23-50-00-12-1.jpg,https://www.elianabrie.com/wp-content/uploads/2026/08/Edit-20.jpg,https://www.elianabrie.com/wp-content/uploads/2026/08/DSC06247.jpg","1149.00 AED","","in stock","new","Elianabrie","Apparel & Accessories > Clothing > Outfit Sets","Women > Modest Fashion > Abaya Sets","female","adult","","",""
"3014","The Emerald Noire Abaya Set","Meet Emerald Noire — a striking interpretation of the classic black abaya, designed around the beauty of intricate detailing. The flowing black outer abaya creates an elegant, timeless silhouette, while the sleeves become the focal point of the design. Rich emerald floral embroidery is layered with delicate decorative detailing, creating beautiful texture and contrast against the deep black fabric. The generously shaped statement cuffs add drama while maintaining the refined character of the piece. Designed as a coordinated three-piece abaya set , Emerald Noire is paired with a complementary full-length inner dress and matching hijab, giving you a complete modest look that requires minimal styling. Sophisticated enough for weddings, Eid celebrations, Ramadan gatherings, dinners and formal occasions, yet timeless enough to remain part of your wardrobe beyond a single season. Set includes: Black open abaya with embroidered statement cuffs Coordinating full-length inner dress Matching black hijab Design Details: Rich black colourway Emerald green floral embroidery Intricate embellished cuff detailing Statement wide sleeves Open-front silhouette Full-length flowing design Coordinated three-piece styling Elegant occasion-ready finish","https://www.elianabrie.com/product/the-emerald-noire-abaya-set/","https://www.elianabrie.com/wp-content/uploads/2026/08/Photo-Aug-02-2026-23-50-00-14.jpg","https://www.elianabrie.com/wp-content/uploads/2026/08/Edit-16.jpg,https://www.elianabrie.com/wp-content/uploads/2026/08/Edit-15.jpg,https://www.elianabrie.com/wp-content/uploads/2026/08/DSC06289.jpg","1149.00 AED","","in stock","new","Elianabrie","Apparel & Accessories > Clothing > Outfit Sets","Women > Modest Fashion > Abaya Sets","female","adult","","",""
"3016","Monochrome Marble 3-Piece Silk Abaya Set with Belt – Grey","Make a sophisticated statement with the Monochrome Marble 3-Piece Silk Abaya Set , designed for women who appreciate effortless elegance and timeless modest fashion. Crafted from luxurious printed silk, the flowing open abaya features an artistic monochrome marble design complemented by soft bishop sleeves and a coordinating self-tie belt that allows you to wear it open or cinched for a more defined silhouette. Underneath is a graceful full-length grey crepe inner dress that drapes beautifully, creating a refined layered look suitable for every occasion. Perfect for Eid celebrations, evening gatherings, formal events, travel, and elevated everyday wear, this versatile three-piece set combines comfort with contemporary luxury. Product Features Luxury 3-piece modest wear set Premium silk marble print open abaya Matching detachable self-tie belt included Elegant full-length grey crepe inner dress Soft bishop sleeves Relaxed flowing silhouette Lightweight and breathable Ideal for all seasons Perfect for occasions and everyday elegance Fabric Open Abaya: Premium Silk Inner Dress: Premium Crepe Belt: Matching Silk","https://www.elianabrie.com/?post_type=product&p=3016","https://www.elianabrie.com/wp-content/uploads/2026/08/Photo-Aug-02-2026-23-50-00-6.jpg","https://www.elianabrie.com/wp-content/uploads/2026/08/Edit2-2.jpg,https://www.elianabrie.com/wp-content/uploads/2026/08/Edit2-3.jpg,https://www.elianabrie.com/wp-content/uploads/2026/08/Edit2-1.jpg","849.00 AED","","in stock","new","Elianabrie","Apparel & Accessories > Clothing > Outfit Sets","Women > Modest Fashion > Abaya Sets","female","adult","","",""
"3018","Sorelle Floral Abaya Set","The Sorelle Floral Jacquard 3-Piece Kimono Set combines timeless femininity with contemporary modest fashion. Crafted from luxurious lightweight floral jacquard fabric, this coordinated set includes a flowing kimono, matching camisole, wide-leg trousers and a coordinating belt. The delicate blush floral design and textured woven finish create a sophisticated look that's ideal for summer occasions, resort escapes, elegant brunches and evening gatherings. Wear the pieces together for a polished statement or style them separately for endless versatility. Features Premium lightweight floral jacquard fabric Three-piece coordinated set Matching removable belt Relaxed flowing silhouette Elegant wide sleeves Matching camisole Wide-leg trousers Breathable and comfortable Versatile styling options Fabric Premium Lightweight Floral Jacquard and Premium Korean Silk","https://www.elianabrie.com/product/sorelle-floral-abaya-set/","https://www.elianabrie.com/wp-content/uploads/2026/08/Edit-8.jpg","https://www.elianabrie.com/wp-content/uploads/2026/08/Photo-Aug-02-2026-23-50-00-19.jpg,https://www.elianabrie.com/wp-content/uploads/2026/08/Photo-Aug-02-2026-23-50-00-18.jpg,https://www.elianabrie.com/wp-content/uploads/2026/08/Edit-6.jpg,https://www.elianabrie.com/wp-content/uploads/2026/08/DSC06370.jpg,https://www.elianabrie.com/wp-content/uploads/2026/08/DSC06369.jpg,https://www.elianabrie.com/wp-content/uploads/2026/08/DSC06385.jpg","1099.00 AED","","in stock","new","Elianabrie","Apparel & Accessories > Clothing > Outfit Sets","Women > Modest Fashion > Abaya Sets","female","adult","","",""
"3022","Améthys 4-Piece Silk Kimono Set","Améthys 4-Piece Silk Kimono Set Designed for women who appreciate versatility as much as elegance, the Améthys Kimono Set transforms one beautifully coordinated ensemble into multiple looks. The statement outer kimono is crafted from fluid silk in a sophisticated abstract print, blending muted mauve, dusty rose and plum tones. Its relaxed silhouette and voluminous gathered sleeves create graceful movement while maintaining an elevated, contemporary finish. Underneath, a coordinating crepe camisole and flowing wide-leg trousers provide a refined monochromatic foundation. A matching printed styling tie completes the set and offers even more ways to personalise the look. Wear the kimono open for an effortless layered silhouette, define the waist with the coordinating tie, style the tie around the neck for an editorial finish, or pair the kimono separately with pieces already in your wardrobe. From elegant daytime dressing and holidays to dinners, celebrations and special occasions, Améthys is designed to be worn—and reinvented—again and again. Colour: Mauve / Plum Purple Outer Fabric: Silk Cami & Trouser Fabric: Crepe Pattern: Abstract / Printed Fit: Relaxed Sleeve: Long gathered statement sleeve Style: Open Kimono Pieces: 3-piece set + coordinating styling tie Occasion: Day-to-Evening / Occasion / Resort / Elegant Casual Season: All Season Details 4-piece coordinated modest set Printed silk outer kimono Coordinating crepe camisole Matching crepe wide-leg trousers Matching styling tie Fluid open-front silhouette Statement gathered sleeves with wide cuffs Mauve, dusty rose and plum colour palette Lightweight, elegant drape Designed for multiple styling options Style it your way. One set, multiple possibilities.","https://www.elianabrie.com/?post_type=product&p=3022","https://www.elianabrie.com/wp-content/uploads/2026/08/Edit2-5.jpg","https://www.elianabrie.com/wp-content/uploads/2026/08/Edit2-6.jpg,https://www.elianabrie.com/wp-content/uploads/2026/08/Photo-Aug-02-2026-23-50-00-12.jpg,https://www.elianabrie.com/wp-content/uploads/2026/08/Photo-Aug-02-2026-23-50-00-8.jpg,https://www.elianabrie.com/wp-content/uploads/2026/08/DSC06471.jpg","849.00 AED","","in stock","new","Elianabrie","Apparel & Accessories > Clothing > Outfit Sets","Women > Modest Fashion > Kimono Sets","female","adult","","",""
"3025","Floral Breeze Floral Kimono 4-Piece Resort Set","Introducing Floral Breeze , a romantic four-piece resort set designed for warm days, relaxed escapes and beautifully effortless dressing. The statement piece is a full-length floral kimono with voluminous bishop sleeves and a soft, flowing silhouette. Its delicate cream, butter yellow and warm neutral floral palette gives the set an understated feminine finish that's easy to style from daytime resort wear to elegant evening dressing. The kimono is paired with fluid wide-leg trousers and a coordinating cami top for a polished tonal look. A matching tie belt allows you to define the waist or leave the kimono open for a relaxed layered silhouette. Lightweight and versatile, Floral Breeze brings together modest coverage, movement and contemporary resort styling in one coordinated ensemble. Set Includes: Full-length floral kimono Coordinating cami top Wide-leg trousers Tie belt Design Details: Four-piece coordinated set Full-length floral outer layer Statement bishop sleeves Soft floral print Flowing wide-leg trousers Coordinating cami Removable tie belt Lightweight resort-inspired styling Designed for layering","https://www.elianabrie.com/?post_type=product&p=3025","https://www.elianabrie.com/wp-content/uploads/2026/08/AI-3.png","https://www.elianabrie.com/wp-content/uploads/2026/08/Photo-Aug-02-2026-23-50-00-21.jpg,https://www.elianabrie.com/wp-content/uploads/2026/08/Photo-Aug-02-2026-23-50-00-20.jpg,https://www.elianabrie.com/wp-content/uploads/2026/08/Photo-Aug-02-2026-23-50-00-11.jpg,https://www.elianabrie.com/wp-content/uploads/2026/08/Edit-1.jpg,https://www.elianabrie.com/wp-content/uploads/2026/08/Edit-2.jpg","849.00 AED","","in stock","new","Elianabrie","Apparel & Accessories > Clothing > Outfit Sets","Women > Modest Fashion > Kimono Sets","female","adult","","",""
"3029","Rose Marble 4-Piece Chiffon Kimono Abaya Set with Crepe Co-Ord & Belt","Luxury in Every Layer The Rose Marble 4-Piece Chiffon Kimono Abaya Set is thoughtfully designed for women who appreciate timeless elegance and refined modest fashion. This luxurious coordinated set includes: Chiffon marble-print open kimono Matching premium crepe camisole Premium crepe wide-leg trousers Matching detachable chiffon waist belt The flowing chiffon kimono drapes beautifully, showcasing an elegant marble-inspired print with subtle shimmer detailing, while the premium crepe camisole and wide-leg trousers provide structure, comfort and effortless sophistication. Style the kimono open for a relaxed resort-inspired look or cinch it with the matching belt to create a flattering silhouette. Perfect for summer occasions, luxury travel, Eid celebrations, brunches, evening events and elegant everyday dressing. Features Luxury 4-piece coordinated look (kimono, camisole, trousers and matching belt) Premium chiffon marble-print kimono Premium crepe camisole Premium crepe wide-leg trousers Matching detachable chiffon waist belt Elegant gathered statement sleeves Lightweight, breathable fabrics Relaxed luxury fit Versatile open or belted styling Designed for modern modest elegance Material Kimono: Premium Chiffon Waist Belt: Premium Chiffon Camisole: Premium Korean Crepe Trousers: Premium Korean Crepe Colour Rose Marble & Dusty Rose","https://www.elianabrie.com/?post_type=product&p=3029","https://www.elianabrie.com/wp-content/uploads/2026/08/Edit-14.jpg","https://www.elianabrie.com/wp-content/uploads/2026/08/Photo-Aug-02-2026-23-50-00-16.jpg,https://www.elianabrie.com/wp-content/uploads/2026/08/Edit-13.jpg,https://www.elianabrie.com/wp-content/uploads/2026/08/Edit-9.jpg,https://www.elianabrie.com/wp-content/uploads/2026/08/DSC06310.jpg","799.00 AED","","out of stock","new","Elianabrie","Apparel & Accessories > Clothing > Outfit Sets","Women > Modest Fashion > Kimono Sets","female","adult","","",""
